tokenID,Rain,Snow,Storm,Pollen,Flowers,Seasons,FlowerColor,NumberOfPetals,PetalsFallingDown,Hash
159000816,No,No,No,No,75,Autumn,Different,Equal,Yes,-
159000133,No,Yes,No,No,21,Winter,Equal,Different,No,-
159000654,No,No,No,No,60,Autumn,Equal,Different,No,-
159000200,No,No,No,Yes,75,Spring,Equal,Equal,No,-
159000624,No,No,No,No,37,Autumn,Different,Different,No,-
159000547,Yes,No,No,No,60,Summer,Different,Equal,No,-
159000910,Yes,No,No,No,68,Summer,Different,Equal,No,-
159000486,No,No,No,Yes,44,Spring,Different,Equal,No,-
159000410,Yes,No,No,No,44,Summer,Different,Equal,No,-
159000667,No,Yes,No,No,60,Winter,Different,Equal,No,-
159000810,No,No,No,No,68,Autumn,Different,Equal,Yes,-
159000205,No,Yes,No,No,52,Winter,Different,Equal,No,-
159000799,No,Yes,No,No,60,Winter,Different,Equal,No,-
159000109,Yes,No,No,No,13,Summer,Different,Different,No,-
159000008,Yes,No,No,No,60,Summer,Different,Different,No,-
159000814,No,No,No,No,52,Autumn,Different,Equal,Yes,-
159000534,No,No,No,No,60,Autumn,Different,Different,Yes,-
159000090,No,Yes,No,No,52,Winter,Equal,Different,No,-
159000511,No,No,No,Yes,13,Spring,Equal,Different,No,-
159000893,No,No,No,Yes,5,Spring,Different,Equal,No,-
159000006,No,No,No,No,21,Autumn,Different,Different,Yes,-
159000003,Yes,No,No,No,21,Summer,Different,Different,No,-
159000593,No,No,No,No,13,Autumn,Different,Equal,Yes,-
159000093,No,No,No,No,75,Autumn,Different,Different,Yes,-
159000842,Yes,No,No,No,44,Summer,Different,Equal,No,-
159000947,No,Yes,No,No,52,Winter,Different,Equal,No,-
159000758,No,Yes,No,No,68,Winter,Equal,Equal,No,-
159000589,No,No,No,Yes,44,Spring,Different,Equal,No,-
159000147,Yes,No,No,No,37,Summer,Equal,Different,No,-
159000730,No,No,No,Yes,68,Spring,Equal,Different,No,-
159000716,No,No,No,No,13,Summer,Equal,Different,No,-
159000305,No,No,No,No,5,Winter,Equal,Equal,No,-
159000952,No,No,No,No,13,Spring,Equal,Equal,No,-
159000594,No,No,No,Yes,37,Spring,Different,Different,No,-
159000300,No,Yes,No,No,37,Winter,Different,Equal,No,-
159000208,No,No,No,Yes,5,Spring,Different,Equal,No,-
159000118,Yes,No,No,No,5,Summer,Different,Different,No,-
159000011,No,No,No,No,52,Autumn,Equal,Different,Yes,-
159000302,No,No,No,Yes,21,Spring,Equal,Different,No,-
159000727,Yes,No,No,No,75,Summer,Different,Equal,No,-
159000353,Yes,No,Yes,No,52,Summer,Different,Equal,No,-
159000327,No,No,No,No,13,Autumn,Equal,Different,Yes,-
159000570,Yes,No,No,No,68,Summer,Different,Different,No,-
159001017,No,Yes,No,No,29,Winter,Different,Equal,No,-
159000441,No,No,No,Yes,21,Spring,Equal,Equal,No,-
159000455,No,No,No,No,44,Spring,Different,Different,No,-
159000484,No,No,No,Yes,29,Spring,Different,Different,No,-
159000995,No,No,No,Yes,75,Spring,Different,Equal,No,-
159000531,Yes,No,No,No,29,Summer,Different,Equal,No,-
159000616,No,No,No,Yes,60,Spring,Different,Equal,No,-
159000184,Yes,No,No,No,60,Summer,Equal,Different,No,-
159000235,No,No,No,No,60,Autumn,Equal,Different,Yes,-
159000097,No,No,No,Yes,44,Spring,Different,Different,No,-
159000217,No,No,No,Yes,5,Spring,Different,Equal,No,-
159000162,No,No,No,No,75,Summer,Equal,Equal,No,-
159000388,No,No,No,Yes,60,Spring,Different,Different,No,-
159000396,No,Yes,No,No,60,Winter,Different,Equal,No,-
159000566,No,Yes,No,No,68,Winter,Equal,Equal,No,-
159000022,No,No,No,No,29,Autumn,Equal,Equal,Yes,-
159000018,No,No,No,Yes,21,Spring,Different,Equal,No,-
159000046,No,No,No,Yes,5,Spring,Different,Equal,No,-
159000051,Yes,No,No,No,52,Summer,Different,Equal,No,-
159000148,No,No,No,No,44,Autumn,Different,Equal,Yes,-
159000150,No,Yes,No,No,52,Winter,Equal,Different,No,-
159000318,No,No,No,No,52,Autumn,Equal,Equal,Yes,-
159000364,Yes,No,No,No,68,Summer,Different,Different,No,-
159000185,Yes,No,Yes,No,52,Summer,Different,Different,No,-
159000047,No,No,No,No,52,Spring,Different,Different,No,-
159000061,No,Yes,No,No,13,Winter,Different,Different,No,-
159000417,No,No,No,Yes,68,Spring,Different,Different,No,-
159000038,Yes,No,No,No,44,Summer,Different,Equal,No,-
159000060,No,No,No,Yes,60,Spring,Different,Equal,No,-
159000019,Yes,No,No,No,21,Summer,Different,Equal,No,-
159000760,Yes,No,Yes,No,37,Summer,Different,Different,No,-
159000852,No,Yes,No,No,75,Winter,Different,Different,No,-
159000102,No,No,No,Yes,21,Spring,Equal,Equal,No,-
159000450,Yes,No,No,No,29,Summer,Different,Equal,No,-
159000604,No,No,No,Yes,75,Spring,Different,Equal,No,-
159000853,No,No,No,No,75,Autumn,Different,Different,Yes,-
159000502,Yes,No,No,No,60,Summer,Different,Equal,No,-
159000815,No,No,No,Yes,29,Spring,Different,Equal,No,-
159000899,No,No,No,Yes,68,Spring,Equal,Equal,No,-
159000189,No,No,No,No,52,Summer,Different,Different,No,-
159000223,No,Yes,No,No,75,Winter,Different,Equal,No,-
159000577,No,No,No,Yes,13,Spring,Different,Different,No,-
159000355,No,Yes,No,No,13,Winter,Different,Different,No,-
159000657,No,Yes,No,No,44,Winter,Different,Different,No,-
159000712,No,No,No,No,75,Autumn,Different,Equal,Yes,-
159000351,No,No,No,Yes,29,Spring,Different,Equal,No,-
159000258,No,Yes,No,No,21,Winter,Equal,Different,No,-
159000288,No,No,No,Yes,37,Spring,Different,Different,No,-
159000426,No,Yes,No,No,37,Winter,Equal,Equal,No,-
159001015,No,No,No,No,52,Autumn,Different,Equal,Yes,-
159000420,No,No,No,Yes,13,Spring,Different,Different,No,-
159000801,No,Yes,No,No,13,Winter,Different,Different,No,-
159000929,Yes,No,No,No,37,Summer,Different,Equal,No,-
159000720,No,No,No,No,75,Autumn,Different,Different,Yes,-
159000755,No,No,No,No,44,Autumn,Different,Different,Yes,-
159000849,No,No,No,Yes,44,Spring,Equal,Equal,No,-
159000748,No,Yes,No,No,44,Winter,Different,Different,No,-
159000986,No,No,No,Yes,60,Spring,Different,Different,No,-
159000970,No,No,No,Yes,21,Spring,Different,Different,No,-
159000902,No,No,No,Yes,5,Spring,Different,Different,No,-
159000945,No,Yes,No,No,21,Winter,Different,Equal,No,-
159001003,No,No,No,Yes,68,Spring,Different,Equal,No,-
159000092,No,Yes,No,No,60,Winter,Equal,Equal,No,-
159000137,No,No,No,No,13,Autumn,Different,Equal,Yes,-
159000916,Yes,No,No,No,29,Summer,Different,Equal,No,-
159000932,No,No,No,No,44,Spring,Different,Different,No,-
159000701,Yes,No,No,No,75,Summer,Different,Equal,No,-
159000841,No,Yes,No,No,5,Winter,Different,Different,No,-
159000259,Yes,No,No,No,29,Summer,Different,Different,No,-
159000973,No,Yes,No,No,68,Winter,Different,Equal,No,-
159001002,No,No,No,No,44,Autumn,Equal,Equal,Yes,-
159000283,Yes,No,No,No,52,Summer,Equal,Equal,No,-
159000735,No,Yes,No,No,5,Winter,Equal,Different,No,-
159000752,No,Yes,No,No,52,Winter,Equal,Equal,No,-
159000020,No,Yes,No,No,21,Winter,Different,Equal,No,-
159000116,No,No,No,No,21,Autumn,Equal,Equal,Yes,-
159000128,No,No,No,Yes,29,Spring,Equal,Different,No,-
159000129,No,No,No,Yes,52,Spring,Equal,Equal,No,-
159000144,No,No,No,Yes,75,Spring,Different,Different,No,-
159000172,No,No,No,Yes,5,Spring,Different,Equal,No,-
159000312,No,No,No,Yes,21,Spring,Equal,Different,No,-
159000935,No,No,No,No,21,Autumn,Equal,Different,Yes,-
159000337,No,No,No,No,29,Summer,Different,Equal,No,-
159000245,No,No,No,Yes,44,Spring,Different,Equal,No,-
159000452,No,No,Yes,No,52,Summer,Different,Equal,No,-
159000453,No,Yes,No,No,52,Winter,Different,Different,No,-
159000619,No,Yes,No,No,37,Winter,Different,Equal,No,-
159000650,No,Yes,No,No,52,Winter,Different,Equal,No,-
159000213,No,No,No,No,29,Autumn,Different,Equal,Yes,-
159000348,Yes,No,No,No,5,Summer,Different,Different,No,-
159000489,No,No,No,Yes,13,Spring,Different,Equal,No,-
159000506,No,Yes,No,No,13,Winter,Equal,Equal,No,-
159000507,No,No,No,No,37,Winter,Different,Equal,No,-
159000510,No,No,No,Yes,75,Spring,Equal,Equal,No,-
159000527,No,No,No,Yes,68,Spring,Different,Equal,No,-
159000580,No,No,No,No,29,Autumn,Different,Different,Yes,-
159000578,No,Yes,No,No,75,Winter,Different,Equal,No,-
159000592,No,No,No,Yes,5,Spring,Different,Different,No,-
159000608,Yes,No,No,No,37,Summer,Different,Different,No,-
159000248,Yes,No,Yes,No,13,Summer,Equal,Equal,No,-
159000249,No,Yes,No,No,44,Winter,Equal,Different,No,-
159000294,No,No,No,No,68,Spring,Equal,Different,No,-
159000321,No,No,No,No,52,Autumn,Equal,Equal,Yes,-
159000346,No,No,No,No,29,Autumn,Different,Equal,Yes,-
159000503,Yes,No,No,No,13,Summer,Different,Equal,No,-
159000567,No,No,No,Yes,44,Spring,Different,Different,No,-
159000688,No,No,No,No,37,Autumn,Different,Different,Yes,-
159000694,No,No,No,Yes,37,Spring,Different,Equal,No,-
159000965,Yes,No,No,No,60,Summer,Different,Equal,No,-
159001004,No,No,No,Yes,37,Spring,Equal,Equal,No,-
159000572,No,Yes,No,No,75,Winter,Equal,Equal,No,-
159000622,No,Yes,No,No,21,Winter,Equal,Equal,No,-
159000669,No,No,No,No,29,Spring,Different,Equal,No,-
159000449,No,Yes,No,No,60,Winter,Different,Different,No,-
159000493,No,No,No,Yes,5,Spring,Different,Different,No,-
159000333,Yes,No,No,No,52,Summer,Different,Equal,No,-
159000395,No,Yes,No,No,13,Winter,Equal,Equal,No,-
159000725,No,Yes,No,No,5,Winter,Different,Equal,No,-
159000772,No,No,No,No,5,Autumn,Different,Different,Yes,-
159000773,No,Yes,No,No,29,Winter,Different,Different,No,-
159000780,No,No,No,No,13,Autumn,Different,Equal,Yes,-
159000535,No,Yes,No,No,21,Winter,Different,Different,No,-
159000568,No,Yes,No,No,44,Winter,Different,Different,No,-
159000569,Yes,No,No,No,37,Summer,Different,Different,No,-
159000575,No,Yes,No,No,52,Winter,Equal,Equal,No,-
159000041,No,No,No,No,75,Autumn,Equal,Equal,Yes,-
159000084,No,No,No,Yes,52,Spring,Equal,Different,No,-
159000271,No,No,No,No,37,Summer,Different,Different,No,-
159000349,No,Yes,No,No,21,Winter,Different,Equal,No,-
159000822,Yes,No,No,No,13,Summer,Different,Equal,No,-
159000835,No,No,No,No,44,Autumn,Different,Different,Yes,-
159000846,No,No,No,Yes,21,Spring,Different,Different,No,-
159000858,No,Yes,No,No,60,Winter,Equal,Equal,No,-
159000879,No,No,No,No,44,Winter,Different,Equal,No,-
159000886,No,Yes,No,No,29,Winter,Equal,Different,No,-
159000887,No,No,No,Yes,68,Spring,Different,Different,No,-
159000985,No,No,Yes,No,5,Summer,Different,Different,No,-
159000876,No,Yes,No,No,5,Winter,Different,Equal,No,-
159000877,No,Yes,No,No,21,Winter,Different,Different,No,-
159000888,Yes,No,No,No,13,Summer,Different,Different,No,-
159000889,No,Yes,No,No,52,Winter,Different,Equal,No,-
159000892,No,Yes,No,No,5,Winter,Equal,Different,No,-
159000904,No,No,No,Yes,21,Spring,Equal,Equal,No,-
159000914,No,No,No,No,5,Summer,Different,Equal,No,-
159000926,No,No,No,Yes,37,Spring,Different,Equal,No,-
159000942,No,No,No,No,75,Autumn,Different,Different,Yes,-
159000999,No,Yes,No,No,13,Winter,Equal,Equal,No,-
159000691,Yes,No,No,No,60,Summer,Different,Equal,No,-
159000984,No,No,No,No,52,Autumn,Different,Different,Yes,-
159000382,No,No,No,No,60,Winter,Different,Different,No,-
159000383,Yes,No,No,No,37,Summer,Different,Equal,No,-
159000423,Yes,No,No,No,60,Summer,Different,Different,No,-
159000438,No,No,No,No,44,Autumn,Different,Different,Yes,-
159000225,No,No,No,Yes,5,Spring,Different,Equal,No,-
159000214,No,Yes,No,No,44,Winter,Equal,Equal,No,-
159000253,No,Yes,No,No,52,Winter,Different,Different,No,-
159000270,No,No,No,No,60,Autumn,Different,Different,Yes,-
159000299,No,No,No,Yes,13,Spring,Different,Different,No,-
159000329,No,No,No,Yes,44,Spring,Equal,Equal,No,-
159000330,No,Yes,No,No,75,Winter,Different,Different,No,-
159000394,No,No,No,Yes,75,Spring,Different,Equal,No,-
159000922,No,No,No,No,60,Autumn,Different,Equal,Yes,-
159000923,Yes,No,No,No,60,Summer,Different,Different,No,-
159000964,No,No,No,Yes,68,Spring,Different,Different,No,-
159000127,No,No,No,No,21,Autumn,Different,Equal,Yes,-
159000178,No,No,No,No,68,Spring,Different,Equal,No,-
159000474,No,No,No,No,75,Winter,Equal,Equal,No,-
159000504,No,Yes,No,No,44,Winter,Different,Equal,No,-
159000352,No,No,No,Yes,13,Spring,Different,Different,No,-
159000369,No,No,No,No,37,Autumn,Different,Different,Yes,-
159000419,Yes,No,No,No,75,Summer,Equal,Equal,No,-
159000562,No,No,No,Yes,60,Spring,Different,Different,No,-
159000633,No,No,No,No,21,Summer,Different,Equal,No,-
159000035,No,No,No,No,44,Autumn,Different,Different,Yes,-
159000603,No,Yes,No,No,52,Winter,Different,Different,No,-
159000615,No,No,No,Yes,13,Spring,Different,Equal,No,-
159000649,No,No,No,No,75,Autumn,Different,Different,Yes,-
159000066,No,Yes,No,No,44,Winter,Different,Different,No,-
159000670,No,No,No,Yes,37,Spring,Equal,Different,No,-
159000681,No,No,No,Yes,13,Spring,Different,Different,No,-
159000753,No,No,No,Yes,21,Spring,Equal,Equal,No,-
159000766,No,No,No,No,44,Autumn,Different,Different,Yes,-
159000777,Yes,No,No,No,37,Summer,Different,Different,No,-
159000796,No,No,No,Yes,5,Spring,Different,Different,No,-
159000804,No,No,No,Yes,21,Spring,Equal,Equal,No,-
159000820,No,No,No,Yes,29,Spring,Equal,Equal,No,-
159000882,No,No,No,Yes,37,Spring,Different,Different,No,-
159000424,No,No,No,No,13,Autumn,Equal,Equal,Yes,-
159000747,No,No,No,No,52,Winter,Equal,Different,No,-
159000756,No,No,No,No,29,Autumn,Different,Different,No,-
159000763,No,No,No,No,29,Autumn,Equal,Equal,Yes,-
159000770,No,No,No,No,68,Autumn,Different,Equal,Yes,-
159000787,No,No,No,No,13,Autumn,Different,Different,Yes,-
159000829,No,Yes,No,No,52,Winter,Different,Equal,No,-
159000847,No,No,No,Yes,68,Spring,Different,Different,No,-
159000850,No,No,No,Yes,68,Spring,Different,Different,No,-
159000864,No,Yes,No,No,60,Winter,Different,Equal,No,-
159000989,No,Yes,No,No,52,Winter,Equal,Equal,No,-
159000855,No,No,No,Yes,68,Spring,Different,Equal,No,-
159000863,No,Yes,No,No,68,Winter,Different,Different,No,-
159000903,No,No,No,No,13,Autumn,Different,Equal,Yes,-
159000917,No,Yes,No,No,44,Winter,Different,Equal,No,-
159000933,Yes,No,Yes,No,37,Summer,Equal,Equal,No,-
159000390,No,Yes,No,No,68,Winter,Different,Equal,No,-
159000391,No,No,No,Yes,68,Spring,Different,Different,No,-
159000497,Yes,No,No,No,21,Summer,Different,Different,No,-
159000699,No,No,No,No,5,Spring,Different,Equal,No,-
159000731,Yes,No,No,No,68,Summer,Different,Different,No,-
159000765,No,No,No,No,60,Spring,Different,Different,No,-
159000802,No,No,No,No,37,Autumn,Different,Different,No,-
159000831,No,No,No,Yes,44,Spring,Different,Different,No,-
159000221,No,No,No,No,75,Autumn,Different,Equal,No,-
159000246,No,No,No,No,52,Spring,Different,Different,No,-
159000247,No,No,No,No,60,Autumn,Different,Different,Yes,-
159000254,Yes,No,No,No,44,Summer,Equal,Equal,No,-
159000255,No,No,No,Yes,5,Spring,Different,Equal,No,-
159000279,Yes,No,No,No,75,Summer,Different,Different,No,-
159000281,Yes,No,No,No,37,Summer,Different,Equal,No,-
159000292,No,No,No,Yes,29,Spring,Equal,Equal,No,-
159000080,No,No,No,Yes,60,Spring,Different,Different,No,-
159000098,No,No,No,Yes,44,Spring,Different,Equal,No,-
159000684,Yes,No,Yes,No,29,Summer,Different,Different,No,-
159000467,No,No,No,Yes,44,Spring,Different,Equal,No,-
159000600,No,No,No,Yes,21,Spring,Equal,Different,No,-
159000315,Yes,No,No,No,68,Summer,Different,Equal,No,-
159000418,No,Yes,No,No,5,Winter,Different,Different,No,-
159000466,Yes,No,No,No,44,Summer,Different,Different,No,-
159000475,No,Yes,No,No,37,Winter,Equal,Different,No,-
159000483,No,No,No,Yes,5,Spring,Different,Equal,No,-
159000679,No,No,No,No,52,Spring,Different,Different,No,-
159000513,No,Yes,No,No,75,Winter,Equal,Different,No,-
159000722,No,No,No,Yes,52,Spring,Different,Equal,No,-
159000872,No,No,No,Yes,37,Spring,Different,Equal,No,-
159000918,No,No,No,No,13,Spring,Equal,Equal,No,-
159000078,No,No,No,Yes,13,Spring,Different,Different,No,-
159000079,No,Yes,No,No,5,Winter,Different,Different,No,-
159000632,No,No,No,No,60,Winter,Equal,Different,No,-
159000715,No,No,No,No,60,Autumn,Different,Different,No,-
159000983,No,No,No,Yes,60,Spring,Different,Equal,No,-
159000425,No,No,No,No,5,Spring,Equal,Different,No,-
159000646,No,No,No,No,5,Autumn,Different,Different,Yes,-
159000653,No,Yes,No,No,13,Winter,Different,Different,No,-
159000919,Yes,No,No,No,75,Summer,Different,Different,No,-
159000978,No,Yes,No,No,75,Winter,Different,Different,No,-
159000700,No,No,No,Yes,44,Spring,Equal,Equal,No,-
159000792,No,No,No,No,13,Autumn,Equal,Equal,Yes,-
159000180,No,No,No,No,68,Winter,Different,Different,No,-
159000783,No,Yes,No,No,29,Winter,Different,Different,No,-
159000897,No,No,No,Yes,60,Spring,Different,Different,No,-
159000948,No,No,No,No,44,Autumn,Different,Different,Yes,-
159000316,No,Yes,No,No,37,Winter,Different,Different,No,-
159000331,No,No,No,No,29,Spring,Different,Equal,No,-
159000374,No,Yes,No,No,44,Winter,Different,Different,No,-
159000428,No,No,No,No,5,Autumn,Equal,Different,Yes,-
159000704,No,No,No,No,21,Autumn,Different,Different,Yes,-
159000718,No,No,No,No,37,Autumn,Different,Different,Yes,-
159000738,No,Yes,No,No,60,Winter,Different,Equal,No,-
159000746,No,No,No,No,5,Winter,Different,Different,No,-
159000988,No,No,No,No,13,Autumn,Different,Different,Yes,-
159001006,No,Yes,No,No,21,Winter,Equal,Different,No,-
159001016,No,No,No,No,37,Winter,Different,Different,No,-
159000895,No,No,No,No,5,Winter,Equal,Different,No,-
159000901,Yes,No,No,No,52,Summer,Different,Equal,No,-
159000943,Yes,No,No,No,21,Summer,Different,Different,No,-
159000946,No,Yes,No,No,13,Winter,Different,Equal,No,-
159000179,Yes,No,No,No,68,Summer,Different,Different,No,-
159000957,No,No,No,Yes,29,Spring,Different,Equal,No,-
159000962,Yes,No,No,No,29,Summer,Different,Different,No,-
159000974,No,Yes,No,No,13,Winter,Equal,Equal,No,-
159000975,No,No,No,No,21,Summer,Different,Equal,No,-
159000998,No,No,No,No,52,Autumn,Equal,Different,Yes,-
159000191,No,No,No,No,37,Spring,Different,Different,No,-
159000206,No,No,No,No,60,Spring,Different,Different,No,-
159000207,No,Yes,No,No,13,Winter,Equal,Different,No,-
159001010,No,No,No,No,52,Spring,Equal,Different,No,-
159000949,No,No,No,Yes,29,Spring,Different,Different,No,-
159000954,No,No,No,No,44,Spring,Different,Equal,No,-
159000955,Yes,No,No,No,60,Summer,Different,Equal,No,-
159001008,Yes,No,No,No,52,Summer,Different,Equal,No,-
159000024,No,No,No,Yes,29,Spring,Different,Equal,No,-
159000056,No,No,No,No,52,Spring,Different,Different,No,-
159000096,No,No,No,Yes,13,Spring,Different,Equal,No,-
159000000,Yes,No,No,No,5,Summer,Different,Different,No,-
159000010,Yes,No,No,No,44,Summer,Different,Different,No,-
159000574,Yes,No,No,No,21,Summer,Different,Different,No,-
159000606,No,Yes,No,No,60,Winter,Different,Different,No,-
159001022,Yes,No,No,No,37,Summer,Different,Equal,No,-
159000406,No,No,No,Yes,68,Spring,Different,Different,No,-
159000647,No,No,No,Yes,60,Spring,Different,Equal,No,-
159000414,No,No,No,Yes,21,Spring,Equal,Different,No,-
159000149,Yes,No,No,No,21,Summer,Equal,Different,No,-
159000472,No,Yes,No,No,37,Winter,Different,Different,No,-
159000170,Yes,No,No,No,29,Summer,Different,Equal,No,-
159000226,No,No,No,Yes,37,Spring,Different,Different,No,-
159000363,No,Yes,No,No,13,Winter,Different,Different,No,-
159000980,No,No,No,No,60,Spring,Different,Different,No,-
159000687,Yes,No,No,No,37,Summer,Different,Different,No,-
159000762,Yes,No,No,No,52,Summer,Equal,Equal,No,-
159000573,No,No,No,No,29,Autumn,Equal,Equal,Yes,-
159000828,No,No,No,No,52,Autumn,Equal,Equal,Yes,-
159000798,Yes,No,No,No,60,Summer,Different,Equal,No,-
159000298,No,Yes,No,No,68,Winter,Different,Different,No,-
159000982,No,Yes,No,No,37,Winter,Different,Different,No,-
159000190,Yes,No,No,No,68,Summer,Different,Different,No,-
159000257,No,Yes,No,No,44,Winter,Different,Different,No,-
159000086,Yes,No,No,No,13,Summer,Different,Different,No,-
159000350,No,Yes,No,No,68,Winter,Different,Equal,No,-
159000734,No,No,No,No,29,Autumn,Different,Equal,Yes,-
159000809,Yes,No,No,No,21,Summer,Equal,Different,No,-
159000868,No,No,No,No,52,Winter,Different,Different,No,-
159000229,No,Yes,No,No,52,Winter,Different,Different,No,-
159000287,No,Yes,No,No,5,Winter,Equal,Equal,No,-
159000203,No,No,No,No,52,Spring,Different,Different,No,-
159000262,No,No,No,No,52,Autumn,Different,Equal,Yes,-
159000808,No,Yes,No,No,21,Winter,Different,Equal,No,-
159000520,Yes,No,No,No,44,Summer,Different,Different,No,-
159000545,No,No,No,No,5,Spring,Different,Different,No,-
159000625,No,No,No,No,37,Autumn,Different,Equal,Yes,-
159000905,No,Yes,No,No,13,Winter,Equal,Equal,No,-
159000216,Yes,No,Yes,No,60,Summer,Different,Equal,No,-
159000062,No,Yes,No,No,29,Winter,Different,Equal,No,-
159000648,No,Yes,No,No,29,Winter,Equal,Equal,No,-
159000123,No,No,No,Yes,52,Spring,Different,Different,No,-
159000042,No,No,No,No,44,Autumn,Equal,Different,Yes,-
159000540,No,No,No,No,52,Winter,Different,Equal,No,-
159000100,No,Yes,No,No,44,Winter,Equal,Equal,No,-
159000544,No,No,No,No,68,Autumn,Different,Equal,Yes,-
159000340,No,Yes,No,No,44,Winter,Different,Different,No,-
159000204,No,No,No,Yes,60,Spring,Different,Equal,No,-
159000211,No,No,No,Yes,13,Spring,Equal,Equal,No,-
159000052,Yes,No,No,No,21,Summer,Different,Different,No,-
159000958,Yes,No,No,No,29,Summer,Different,Different,No,-
159000376,No,No,No,No,68,Autumn,Different,Different,Yes,-
159000635,No,Yes,No,No,21,Winter,Different,Different,No,-
159000095,Yes,No,No,No,29,Summer,Equal,Different,No,-
159000141,No,Yes,No,No,75,Winter,Different,Equal,No,-
159000112,No,No,No,Yes,37,Spring,Different,Equal,No,-
159000677,Yes,No,No,No,52,Summer,Equal,Different,No,-
159000662,Yes,No,Yes,No,29,Summer,Different,Equal,No,-
159000550,No,No,No,No,52,Autumn,Equal,Different,No,-
159000992,Yes,No,No,No,60,Summer,Different,Different,No,-
159000479,No,Yes,No,No,37,Winter,Different,Equal,No,-
159000584,Yes,No,No,No,5,Summer,Different,Equal,No,-
159000224,No,No,No,Yes,21,Spring,Different,Equal,No,-
159000210,No,Yes,No,No,29,Winter,Different,Different,No,-
159000560,No,No,No,No,68,Winter,Equal,Different,No,-
159000613,Yes,No,No,No,5,Summer,Different,Equal,No,-
159000326,Yes,No,Yes,No,68,Summer,Different,Different,No,-
159000824,No,No,No,No,21,Autumn,Equal,Equal,No,-
159000444,No,No,No,No,60,Winter,Equal,Different,No,-
159000381,No,Yes,No,No,21,Winter,Different,Equal,No,-
159000869,Yes,No,No,No,44,Summer,Different,Different,No,-
159000338,No,No,No,No,75,Autumn,Different,Different,Yes,-
159000628,No,No,No,Yes,60,Spring,Different,Equal,No,-
159000158,No,No,No,No,68,Winter,Different,Different,No,-
159000996,No,Yes,No,No,68,Winter,Different,Equal,No,-
159000436,No,No,No,No,44,Winter,Different,Equal,No,-
159000597,No,Yes,No,No,60,Winter,Different,Different,No,-
159000442,No,Yes,No,No,75,Winter,Different,Different,No,-
159000409,No,Yes,No,No,75,Winter,Different,Different,No,-
159000064,No,No,No,Yes,60,Spring,Different,Equal,No,-
159000103,No,Yes,No,No,13,Winter,Different,Equal,No,-
159000356,No,No,No,No,75,Autumn,Different,Different,Yes,-
159001018,No,Yes,No,No,68,Winter,Different,Equal,No,-
159000122,No,Yes,No,No,13,Winter,Equal,Equal,No,-
159000339,No,Yes,No,No,13,Winter,Different,Equal,No,-
159000621,No,Yes,No,No,29,Winter,Different,Different,No,-
159000034,No,Yes,No,No,21,Winter,Equal,Different,No,-
159000714,No,No,No,No,68,Autumn,Different,Different,Yes,-
159000778,No,No,No,No,52,Spring,Different,Different,No,-
159000723,No,No,No,No,21,Winter,Equal,Different,No,-
159000784,No,No,No,Yes,37,Spring,Different,Different,No,-
159000626,No,No,No,No,44,Spring,Different,Different,No,-
159000154,No,No,Yes,No,75,Summer,Equal,Different,No,-
159000468,No,Yes,No,No,68,Winter,Different,Different,No,-
159000043,No,Yes,No,No,29,Winter,Different,Different,No,-
159000966,No,Yes,No,No,68,Winter,Equal,Different,No,-
159000940,No,No,No,No,52,Winter,Different,Equal,No,-
159000586,No,No,No,No,75,Autumn,Equal,Equal,Yes,-
159001005,No,Yes,No,No,75,Winter,Different,Different,No,-
159000385,Yes,No,No,No,37,Summer,Different,Equal,No,-
159000007,Yes,No,No,No,21,Summer,Different,Different,No,-
159000014,No,Yes,No,No,44,Winter,Equal,Different,No,-
159000464,No,Yes,No,No,37,Winter,Different,Equal,No,-
159000094,No,No,No,No,21,Autumn,Different,Different,Yes,-
159000666,No,No,No,Yes,37,Spring,Different,Different,No,-
159000304,No,No,No,No,5,Spring,Different,Equal,No,-
159000652,No,No,No,No,68,Autumn,Different,Different,Yes,-
159000711,No,No,No,No,68,Autumn,Different,Different,Yes,-
159000825,No,No,No,No,5,Autumn,Different,Equal,Yes,-
159000884,No,No,No,No,44,Autumn,Different,Equal,No,-
159000070,No,No,No,Yes,5,Spring,Different,Different,No,-
159000427,Yes,No,No,No,52,Summer,Different,Different,No,-
159000083,No,Yes,No,No,44,Winter,Different,Different,No,-
159000514,Yes,No,No,No,21,Summer,Equal,Equal,No,-
159000431,Yes,No,No,No,21,Summer,Different,Different,No,-
159000384,No,Yes,No,No,60,Winter,Different,Different,No,-
159000301,No,No,No,No,60,Autumn,Different,Equal,Yes,-
159000680,No,Yes,No,No,68,Winter,Equal,Different,No,-
159000971,No,No,No,No,75,Autumn,Equal,Equal,Yes,-
159000588,Yes,No,No,No,37,Summer,Different,Different,No,-
159000967,No,No,No,Yes,37,Spring,Different,Equal,No,-
159000745,No,No,No,Yes,5,Spring,Different,Different,No,-
159000790,No,No,No,Yes,60,Spring,Different,Equal,No,-
159000977,No,No,No,Yes,68,Spring,Equal,Different,No,-
159000347,No,No,No,Yes,37,Spring,Equal,Different,No,-
159000737,No,No,No,No,75,Spring,Different,Equal,No,-
159000443,No,Yes,No,No,13,Winter,Equal,Equal,No,-
159000187,No,No,No,Yes,68,Spring,Equal,Different,No,-
159000697,No,No,No,No,37,Autumn,Equal,Equal,No,-
159000372,No,No,No,Yes,60,Spring,Equal,Different,No,-
159000833,Yes,No,No,No,37,Summer,Different,Equal,No,-
159000063,No,No,No,Yes,5,Spring,Different,Equal,No,-
159000358,No,No,No,No,44,Autumn,Equal,Different,No,-
159000026,No,No,No,Yes,52,Spring,Different,Equal,No,-
159000278,No,No,No,Yes,29,Spring,Different,Equal,No,-
159000941,No,Yes,No,No,13,Winter,Different,Different,No,-
159000186,Yes,No,No,No,60,Summer,Equal,Equal,No,-
159000591,No,Yes,No,No,68,Winter,Equal,Equal,No,-
159000230,No,No,No,No,75,Autumn,Different,Equal,Yes,-
159000076,No,Yes,No,No,44,Winter,Different,Equal,No,-
159000638,No,Yes,No,No,29,Winter,Different,Different,No,-
159000322,No,Yes,No,No,75,Winter,Different,Equal,No,-
159000617,No,Yes,No,No,75,Winter,Different,Equal,No,-
159000548,No,No,No,No,68,Autumn,Equal,Equal,Yes,-
159000131,No,No,No,No,5,Autumn,Equal,Different,No,-
159000496,Yes,No,No,No,75,Summer,Equal,Equal,No,-
159000786,Yes,No,No,No,37,Summer,Different,Different,No,-
159000821,No,Yes,No,No,37,Winter,Different,Equal,No,-
159000549,No,No,No,No,13,Autumn,Different,Equal,No,-
159000533,No,Yes,No,No,52,Winter,Equal,Equal,No,-
159000166,No,No,No,No,13,Autumn,Equal,Different,No,-
159000487,No,No,No,No,75,Autumn,Different,Different,Yes,-
159000602,No,No,No,Yes,5,Spring,Equal,Different,No,-
159000138,No,No,No,Yes,29,Spring,Different,Equal,No,-
159000937,No,Yes,No,No,5,Winter,Different,Equal,No,-
159000165,No,Yes,No,No,75,Winter,Different,Different,No,-
159000267,No,Yes,No,No,75,Winter,Equal,Equal,No,-
159000492,No,Yes,No,No,37,Winter,Different,Different,No,-
159000373,No,Yes,No,No,5,Winter,Different,Different,No,-
159000629,No,Yes,No,No,13,Winter,Equal,Different,No,-
159000953,No,No,No,No,75,Autumn,Different,Different,Yes,-
159000250,Yes,No,No,No,29,Summer,Equal,Different,No,-
159000509,No,No,No,No,21,Autumn,Different,Different,Yes,-
159000015,No,No,No,No,52,Spring,Equal,Different,No,-
159000470,No,Yes,No,No,44,Winter,Different,Different,No,-
159000440,No,Yes,No,No,44,Winter,Different,Equal,No,-
159000703,No,Yes,No,No,29,Winter,Different,Different,No,-
159000430,No,No,No,Yes,21,Spring,Equal,Equal,No,-
159000222,No,No,No,No,60,Spring,Equal,Equal,No,-
159000359,Yes,No,No,No,75,Summer,Different,Equal,No,-
159000130,No,No,No,No,13,Spring,Different,Equal,No,-
159000639,No,No,No,Yes,21,Spring,Different,Equal,No,-
159000054,No,No,No,Yes,75,Spring,Different,Equal,No,-
159000585,No,No,No,No,52,Autumn,Different,Equal,Yes,-
159000027,No,No,No,Yes,68,Spring,Equal,Different,No,-
159000736,No,No,No,Yes,75,Spring,Different,Equal,No,-
159000759,Yes,No,No,No,13,Summer,Different,Equal,No,-
159000314,Yes,No,No,No,13,Summer,Different,Different,No,-
159000115,Yes,No,No,No,60,Summer,Different,Equal,No,-
159000274,No,Yes,No,No,60,Winter,Different,Different,No,-
159000627,No,Yes,No,No,44,Winter,Different,Different,No,-
159000754,Yes,No,No,No,5,Summer,Different,Different,No,-
159000457,No,No,No,Yes,52,Spring,Equal,Equal,No,-
159000160,No,No,No,Yes,21,Spring,Different,Equal,No,-
159000672,No,No,No,Yes,29,Spring,Equal,Equal,No,-
159000830,No,Yes,No,No,37,Winter,Equal,Equal,No,-
159000845,No,No,No,No,68,Winter,Different,Different,No,-
159000682,No,No,No,No,44,Spring,Different,Equal,No,-
159000469,No,Yes,No,No,68,Winter,Different,Different,No,-
159000480,Yes,No,Yes,No,37,Summer,Different,Equal,No,-
159000325,Yes,No,No,No,37,Summer,Different,Equal,No,-
159000709,No,No,No,Yes,21,Spring,Different,Equal,No,-
159000878,No,No,No,No,44,Spring,Different,Equal,No,-
159000240,No,Yes,No,No,52,Winter,Equal,Different,No,-
159000081,No,Yes,No,No,75,Winter,Equal,Different,No,-
159000065,No,No,No,Yes,5,Spring,Different,Different,No,-
159000631,No,No,No,Yes,13,Spring,Different,Equal,No,-
159000683,Yes,No,Yes,No,5,Summer,Equal,Equal,No,-
159000827,No,Yes,No,No,37,Winter,Different,Equal,No,-
159000915,No,Yes,No,No,5,Winter,Different,Equal,No,-
159000320,Yes,No,Yes,No,52,Summer,Equal,Different,No,-
159000611,No,No,No,Yes,21,Spring,Different,Equal,No,-
159000386,No,Yes,No,No,44,Winter,Equal,Different,No,-
159000067,No,Yes,No,No,44,Winter,Equal,Different,No,-
159000880,No,Yes,No,No,52,Winter,Different,Different,No,-
159000167,No,Yes,No,No,44,Winter,Different,Different,No,-
159000494,No,No,No,No,21,Spring,Different,Different,No,-
159000234,No,No,No,Yes,60,Spring,Equal,Equal,No,-
159000612,No,No,No,Yes,44,Spring,Equal,Equal,No,-
159000529,No,No,No,Yes,5,Spring,Different,Equal,No,-
159000202,No,No,No,No,52,Autumn,Different,Different,Yes,-
159000800,No,No,No,No,5,Autumn,Different,Equal,Yes,-
159000702,Yes,No,No,No,75,Summer,Equal,Different,No,-
159000196,No,No,No,Yes,68,Spring,Different,Equal,No,-
159000460,No,No,No,No,60,Spring,Different,Different,No,-
159000434,No,Yes,No,No,60,Winter,Equal,Equal,No,-
159000055,No,No,No,Yes,75,Spring,Different,Equal,No,-
159000676,Yes,No,No,No,75,Summer,Equal,Equal,No,-
159000132,No,No,No,Yes,29,Spring,Equal,Equal,No,-
159000740,No,No,No,No,37,Autumn,Equal,Different,No,-
159000378,No,Yes,No,No,5,Winter,Equal,Different,No,-
159000164,No,No,No,No,37,Winter,Equal,Equal,No,-
159000994,Yes,No,No,No,13,Summer,Different,Equal,No,-
159000354,No,Yes,No,No,37,Winter,Equal,Equal,No,-
159000668,No,No,No,Yes,68,Spring,Different,Equal,No,-
159000073,No,Yes,No,No,52,Winter,Different,Equal,No,-
159000282,No,No,No,No,37,Autumn,Equal,Different,No,-
159000517,No,No,No,Yes,5,Spring,Different,Equal,No,-
159000739,No,No,No,Yes,29,Spring,Different,Different,No,-
159000552,Yes,No,No,No,37,Summer,Equal,Different,No,-
159000741,No,No,No,No,13,Autumn,Different,Different,Yes,-
159000173,No,No,No,No,60,Autumn,Different,Different,Yes,-
159000927,No,No,No,No,13,Spring,Different,Equal,No,-
159000698,Yes,No,No,No,44,Summer,Different,Equal,No,-
159000532,No,No,No,No,60,Autumn,Different,Different,No,-
159000481,No,No,No,No,60,Summer,Different,Equal,No,-
159000114,Yes,No,No,No,13,Summer,Equal,Equal,No,-
159000590,No,No,No,Yes,60,Spring,Different,Equal,No,-
159000490,No,No,No,No,37,Autumn,Different,Different,Yes,-
159000537,Yes,No,No,No,60,Summer,Different,Different,No,-
159000781,No,No,No,No,5,Autumn,Different,Different,No,-
159000400,No,No,No,Yes,13,Spring,Different,Different,No,-
159000956,No,No,No,Yes,29,Spring,Different,Different,No,-
159000407,No,No,No,No,29,Winter,Equal,Different,No,-
159000934,No,No,No,No,60,Autumn,Different,Equal,No,-
159000238,No,No,No,Yes,37,Spring,Different,Equal,No,-
159000598,No,No,No,No,13,Autumn,Different,Different,Yes,-
159000805,No,No,No,No,60,Autumn,Different,Equal,Yes,-
159000609,No,Yes,No,No,5,Winter,Different,Equal,No,-
159000664,No,No,No,Yes,37,Spring,Equal,Equal,No,-
159000564,No,No,No,No,44,Autumn,Equal,Different,Yes,-
159000389,No,No,No,No,68,Autumn,Different,Equal,Yes,-
159000553,Yes,No,No,No,5,Summer,Different,Different,No,-
159000832,No,No,No,No,13,Autumn,Different,Equal,No,-
159000319,No,No,No,No,75,Spring,Different,Different,No,-
159000336,Yes,No,No,No,68,Summer,Equal,Different,No,-
159000690,No,No,No,Yes,52,Spring,Different,Different,No,-
159000215,No,No,No,Yes,44,Spring,Different,Equal,No,-
159000536,No,No,No,Yes,52,Spring,Equal,Equal,No,-
159000686,No,Yes,No,No,60,Winter,Different,Equal,No,-
159000837,No,No,No,No,37,Spring,Different,Different,No,-
159000599,No,No,No,No,75,Autumn,Different,Different,No,-
159000485,No,No,No,No,37,Autumn,Different,Equal,Yes,-
159000512,No,Yes,No,No,37,Winter,Different,Different,No,-
159000630,No,Yes,No,No,75,Winter,Equal,Equal,No,-
159000565,No,No,No,No,29,Autumn,Different,Different,Yes,-
159000806,Yes,No,No,No,37,Summer,Different,Different,No,-
159001000,No,Yes,No,No,68,Winter,Equal,Different,No,-
159000241,No,No,No,No,37,Autumn,Different,Different,Yes,-
159000324,No,No,No,No,5,Spring,Different,Equal,No,-
159000124,No,Yes,No,No,21,Winter,Different,Different,No,-
159000751,Yes,No,No,No,44,Summer,Different,Different,No,-
159000779,No,Yes,No,No,21,Winter,Different,Equal,No,-
159000797,No,Yes,No,No,60,Winter,Different,Equal,No,-
159001001,No,No,No,No,75,Autumn,Equal,Different,Yes,-
159000913,No,No,No,No,68,Autumn,Different,Equal,Yes,-
159000771,No,Yes,No,No,37,Winter,Different,Equal,No,-
159001009,Yes,No,No,No,13,Summer,Equal,Equal,No,-
159000136,No,Yes,No,No,68,Winter,Different,Equal,No,-
159000155,No,No,No,Yes,5,Spring,Different,Equal,No,-
159000445,No,No,No,No,75,Autumn,Different,Different,Yes,-
159000341,No,No,No,No,60,Spring,Different,Different,No,-
159000220,No,No,No,No,29,Winter,Different,Equal,No,-
159000764,No,No,No,Yes,75,Spring,Equal,Different,No,-
159000729,No,No,No,No,52,Autumn,Different,Different,No,-
159000930,Yes,No,No,No,29,Summer,Equal,Different,No,-
159000237,No,No,No,Yes,13,Spring,Different,Equal,No,-
159000101,No,No,No,No,29,Autumn,Different,Equal,No,-
159000398,No,No,No,Yes,37,Spring,Equal,Equal,No,-
159000415,Yes,No,No,No,44,Summer,Different,Equal,No,-
159000297,No,Yes,No,No,52,Winter,Different,Different,No,-
159000963,No,No,No,Yes,68,Spring,Different,Different,No,-
159000303,No,No,No,Yes,75,Spring,Different,Equal,No,-
159000495,No,Yes,No,No,52,Winter,Equal,Different,No,-
159000641,No,No,No,Yes,44,Spring,Different,Equal,No,-
159000082,No,Yes,No,No,13,Winter,Equal,Equal,No,-
159001019,No,No,No,No,13,Spring,Different,Equal,No,-
159000139,No,No,No,Yes,29,Spring,Equal,Equal,No,-
159000595,Yes,No,No,No,21,Summer,Equal,Different,No,-
159000362,Yes,No,No,No,75,Summer,Equal,Different,No,-
159000140,Yes,No,No,No,60,Summer,Different,Different,No,-
159000848,No,Yes,No,No,75,Winter,Equal,Different,No,-
159000782,No,Yes,No,No,44,Winter,Different,Different,No,-
159000256,No,No,No,Yes,68,Spring,Different,Equal,No,-
159000710,No,No,No,No,13,Autumn,Different,Equal,Yes,-
159000461,No,Yes,No,No,29,Winter,Different,Equal,No,-
159000557,No,Yes,No,No,44,Winter,Different,Equal,No,-
159000826,No,Yes,No,No,5,Winter,Different,Equal,No,-
159000151,No,No,No,No,37,Autumn,Different,Equal,Yes,-
159000437,No,Yes,No,No,5,Winter,Equal,Different,No,-
159000515,No,No,No,Yes,60,Spring,Different,Equal,No,-
159000421,Yes,No,No,No,75,Summer,Equal,Different,No,-
159000323,No,Yes,No,No,60,Winter,Different,Different,No,-
159000614,No,Yes,No,No,75,Winter,Different,Different,No,-
159000482,No,Yes,No,No,52,Winter,Different,Equal,No,-
159000209,Yes,No,No,No,44,Summer,Different,Different,No,-
159000894,No,No,No,No,37,Autumn,Different,Different,Yes,-
159000856,No,No,No,No,75,Winter,Different,Different,No,-
159000465,No,Yes,No,No,52,Winter,Equal,Different,No,-
159000268,No,No,No,Yes,44,Spring,Different,Equal,No,-
159000637,Yes,No,No,No,13,Summer,Different,Different,No,-
159000439,No,No,No,No,75,Autumn,Different,Different,Yes,-
159000528,No,No,No,Yes,5,Spring,Different,Different,No,-
159000812,No,Yes,No,No,60,Winter,Different,Different,No,-
159000009,Yes,No,No,No,5,Summer,Equal,Different,No,-
159000239,No,Yes,No,No,29,Winter,Equal,Equal,No,-
159000843,No,No,No,No,13,Autumn,Different,Equal,No,-
159000429,No,No,No,No,60,Autumn,Different,Different,Yes,-
159000705,No,No,No,No,21,Winter,Different,Equal,No,-
159000757,No,Yes,No,No,44,Winter,Different,Different,No,-
159000380,No,No,No,No,75,Spring,Equal,Different,No,-
159000117,No,No,No,No,21,Autumn,Equal,Equal,Yes,-
159001013,No,No,No,Yes,21,Spring,Different,Different,No,-
159000898,Yes,No,No,No,37,Summer,Different,Equal,No,-
159000476,No,Yes,No,No,37,Winter,Different,Different,No,-
159000177,No,Yes,No,No,60,Winter,Different,Different,No,-
159000839,No,No,No,Yes,5,Spring,Different,Equal,No,-
159001023,No,No,No,No,60,Spring,Different,Equal,No,-
159000724,No,No,No,No,44,Spring,Different,Different,No,-
159000251,No,No,No,No,52,Summer,Different,Different,No,-
159000968,No,No,No,Yes,5,Spring,Different,Different,No,-
159000636,No,No,No,Yes,52,Spring,Different,Different,No,-
159000579,Yes,No,No,No,68,Summer,Equal,Different,No,-
159000993,No,Yes,No,No,52,Winter,Different,Equal,No,-
159000655,No,No,No,No,68,Autumn,Different,Equal,Yes,-
159000477,Yes,No,No,No,52,Summer,Different,Different,No,-
159000785,No,No,No,No,13,Autumn,Different,Equal,No,-
159000518,No,No,No,Yes,68,Spring,Different,Different,No,-
159000728,No,No,No,No,60,Autumn,Equal,Equal,Yes,-
159000840,No,Yes,No,No,29,Winter,Different,Different,No,-
159000174,No,Yes,No,No,29,Winter,Equal,Different,No,-
159000004,No,Yes,No,No,52,Winter,Different,Different,No,-
159000519,No,No,No,No,5,Spring,Equal,Different,No,-
159001012,No,No,No,No,5,Autumn,Equal,Equal,No,-
159000685,No,No,No,Yes,75,Spring,Equal,Equal,No,-
159000563,Yes,No,No,No,68,Summer,Different,Equal,No,-
159000912,No,Yes,No,No,68,Winter,Equal,Different,No,-
159000266,No,No,No,Yes,52,Spring,Different,Different,No,-
159000743,No,No,No,No,29,Autumn,Equal,Different,Yes,-
159000969,No,No,No,Yes,5,Spring,Different,Equal,No,-
159000183,No,Yes,No,No,44,Winter,Equal,Equal,No,-
159000546,No,No,No,Yes,13,Spring,Equal,Different,No,-
159000865,Yes,No,No,No,52,Summer,Equal,Equal,No,-
159000478,Yes,No,No,No,5,Summer,Different,Equal,No,-
159000296,No,Yes,No,No,44,Winter,Equal,Different,No,-
159000397,No,No,No,No,21,Autumn,Equal,Different,Yes,-
159000813,No,No,No,No,68,Autumn,Equal,Equal,Yes,-
159000695,No,No,No,Yes,52,Spring,Different,Equal,No,-
159000276,No,Yes,No,No,60,Winter,Different,Different,No,-
159000541,No,Yes,No,No,52,Winter,Different,Different,No,-
159000558,No,No,No,No,44,Autumn,Different,Different,Yes,-
159000416,No,No,No,No,5,Winter,Different,Equal,No,-
159000936,No,No,No,Yes,37,Spring,Different,Equal,No,-
159000146,No,No,No,No,37,Autumn,Different,Different,No,-
159000169,Yes,No,No,No,5,Summer,Different,Equal,No,-
159000317,No,Yes,No,No,37,Winter,Different,Equal,No,-
159000596,Yes,No,No,No,21,Summer,Different,Different,No,-
159000236,No,Yes,No,No,29,Winter,Different,Different,No,-
159000099,No,No,No,No,52,Autumn,Different,Different,Yes,-
159000803,No,No,No,Yes,68,Spring,Different,Equal,No,-
159000671,No,No,No,No,75,Autumn,Different,Equal,Yes,-
159000072,Yes,No,No,No,13,Summer,Different,Equal,No,-
159000408,No,No,No,No,60,Autumn,Different,Different,Yes,-
159000944,No,Yes,No,No,5,Winter,Different,Different,No,-
159000111,No,No,No,No,68,Autumn,Equal,Equal,Yes,-
159000176,No,No,No,No,37,Autumn,Equal,Different,Yes,-
159000163,No,No,No,No,13,Autumn,Equal,Different,Yes,-
159000900,No,No,No,No,29,Autumn,Different,Equal,Yes,-
159000696,No,No,No,No,21,Spring,Equal,Different,No,-
159000462,No,Yes,No,No,13,Winter,Different,Equal,No,-
159000013,No,Yes,No,No,29,Winter,Different,Equal,No,-
159000401,Yes,No,No,No,75,Summer,Different,Different,No,-
159000881,No,No,No,No,5,Winter,Different,Different,No,-
159000620,No,No,No,No,21,Autumn,Different,Equal,Yes,-
159000530,No,No,No,Yes,60,Spring,Different,Equal,No,-
159000851,No,No,No,No,13,Spring,Different,Different,No,-
159000368,No,No,No,Yes,52,Spring,Different,Different,No,-
159000516,No,No,No,No,52,Autumn,Equal,Equal,Yes,-
159000049,No,No,No,No,37,Spring,Different,Different,No,-
159000365,No,No,No,Yes,29,Spring,Different,Equal,No,-
159000194,Yes,No,No,No,75,Summer,Equal,Equal,No,-
159000357,Yes,No,No,No,52,Summer,Different,Equal,No,-
159000195,No,Yes,No,No,52,Winter,Different,Different,No,-
159000508,No,No,No,No,5,Autumn,Different,Equal,Yes,-
159000717,No,Yes,No,No,44,Winter,Different,Different,No,-
159000089,No,No,No,No,60,Autumn,Equal,Different,Yes,-
159000264,No,Yes,No,No,75,Winter,Different,Equal,No,-
159000175,No,No,No,No,44,Autumn,Different,Equal,Yes,-
159000159,No,No,No,No,44,Autumn,Equal,Equal,Yes,-
159000261,Yes,No,No,No,52,Summer,Different,Different,No,-
159000931,No,No,No,Yes,21,Spring,Different,Equal,No,-
159000392,Yes,No,No,No,68,Summer,Different,Equal,No,-
159000601,No,Yes,No,No,21,Winter,Different,Equal,No,-
159000044,No,Yes,No,No,75,Winter,Equal,Equal,No,-
159000866,No,No,No,Yes,60,Spring,Equal,Equal,No,-
159000742,No,No,No,No,60,Winter,Different,Different,No,-
159000576,No,No,No,No,75,Autumn,Different,Different,No,-
159000911,Yes,No,No,No,52,Summer,Different,Equal,No,-
159000951,No,Yes,No,No,21,Winter,Equal,Equal,No,-
159000360,No,Yes,No,No,29,Winter,Different,Equal,No,-
159000873,Yes,No,No,No,68,Summer,Different,Equal,No,-
159000433,No,Yes,No,No,29,Winter,Equal,Equal,No,-
159000660,No,No,No,No,75,Autumn,Different,Different,Yes,-
159000642,No,No,No,Yes,75,Spring,Different,Different,No,-
159000075,No,No,No,No,68,Autumn,Different,Equal,No,-
159000819,No,No,No,Yes,68,Spring,Different,Equal,No,-
159000087,No,Yes,No,No,60,Winter,Different,Equal,No,-
159000074,No,Yes,No,No,5,Winter,Different,Different,No,-
159000774,No,No,No,Yes,5,Spring,Different,Different,No,-
159000834,No,No,No,Yes,5,Spring,Different,Different,No,-
159000788,Yes,No,No,No,21,Summer,Different,Equal,No,-
159000979,No,No,No,No,37,Autumn,Different,Different,Yes,-
159000135,No,Yes,No,No,21,Winter,Different,Equal,No,-
159000048,No,No,No,Yes,52,Spring,Different,Different,No,-
159000860,No,No,No,Yes,52,Spring,Different,Equal,No,-
159000976,No,No,No,Yes,75,Spring,Different,Different,No,-
159000938,No,Yes,No,No,75,Winter,Equal,Different,No,-
159000498,No,Yes,No,No,29,Winter,Different,Equal,No,-
159000610,No,Yes,No,No,68,Winter,Different,Equal,No,-
159000153,No,No,No,No,52,Autumn,Different,Equal,Yes,-
159000859,Yes,No,No,No,52,Summer,Different,Equal,No,-
159000371,Yes,No,No,No,29,Summer,Different,Different,No,-
159000867,No,Yes,No,No,29,Winter,Equal,Equal,No,-
159000750,Yes,No,No,No,60,Summer,Different,Equal,No,-
159000807,No,No,No,No,60,Autumn,Different,Equal,Yes,-
159000644,Yes,No,No,No,75,Summer,Equal,Different,No,-
159000233,No,No,No,Yes,60,Spring,Equal,Equal,No,-
159000218,Yes,No,No,No,52,Summer,Equal,Different,No,-
159000171,No,No,No,No,29,Autumn,Different,Equal,No,-
159000143,No,No,No,Yes,13,Spring,Different,Equal,No,-
159000370,No,No,No,No,37,Autumn,Different,Different,Yes,-
159000313,No,Yes,No,No,44,Winter,Equal,Different,No,-
159000228,Yes,No,No,No,60,Summer,Equal,Equal,No,-
159000454,No,No,No,Yes,44,Spring,Different,Equal,No,-
159000005,No,No,No,Yes,21,Spring,Different,Different,No,-
159000088,No,Yes,No,No,52,Winter,Different,Equal,No,-
159000311,Yes,No,Yes,No,68,Summer,Different,Equal,No,-
159000309,No,No,No,No,75,Autumn,Different,Different,Yes,-
159000393,No,No,No,No,68,Autumn,Different,Equal,Yes,-
159000818,No,Yes,No,No,5,Winter,Different,Equal,No,-
159000342,No,Yes,No,No,21,Winter,Different,Equal,No,-
159000554,No,No,No,Yes,5,Spring,Different,Different,No,-
159000488,No,No,No,No,37,Spring,Equal,Equal,No,-
159000028,No,No,No,No,68,Autumn,Equal,Different,No,-
159000524,No,No,No,No,29,Spring,Equal,Different,No,-
159000921,No,Yes,No,No,37,Winter,Equal,Different,No,-
159000031,No,No,No,Yes,13,Spring,Different,Equal,No,-
159000972,No,No,No,No,75,Autumn,Equal,Equal,Yes,-
159000152,No,Yes,No,No,52,Winter,Different,Equal,No,-
159000119,No,Yes,No,No,13,Winter,Equal,Different,No,-
159000645,No,Yes,No,No,44,Winter,Different,Different,No,-
159000033,No,Yes,No,No,44,Winter,Different,Different,No,-
159000057,No,Yes,No,No,29,Winter,Different,Equal,No,-
159000244,No,No,No,Yes,5,Spring,Different,Different,No,-
159000522,No,Yes,No,No,68,Winter,Equal,Equal,No,-
159000708,No,Yes,No,No,44,Winter,Different,Different,No,-
159000156,No,No,No,No,75,Spring,Different,Different,No,-
159000950,Yes,No,No,No,44,Summer,Different,Equal,No,-
159000961,No,No,No,No,68,Autumn,Equal,Different,No,-
159000523,No,No,No,Yes,60,Spring,Different,Different,No,-
159000811,No,No,No,No,29,Spring,Different,Different,No,-
159000110,No,Yes,No,No,21,Winter,Equal,Equal,No,-
159000909,No,No,No,Yes,75,Spring,Equal,Different,No,-
159000458,No,No,No,Yes,37,Spring,Different,Different,No,-
159000651,No,No,No,No,13,Autumn,Different,Equal,Yes,-
159001014,No,Yes,No,No,13,Winter,Different,Equal,No,-
159000243,No,No,No,Yes,29,Spring,Different,Equal,No,-
159000795,No,No,No,Yes,29,Spring,Equal,Different,No,-
159000242,No,Yes,No,No,5,Winter,Different,Different,No,-
159000521,No,No,No,Yes,13,Spring,Different,Equal,No,-
159000907,No,No,No,Yes,29,Spring,Equal,Equal,No,-
159000332,No,No,No,No,68,Autumn,Equal,Different,Yes,-
159000861,No,No,No,Yes,44,Spring,Equal,Equal,No,-
159000924,No,Yes,No,No,60,Winter,Different,Different,No,-
159000874,No,No,No,Yes,21,Spring,Different,Different,No,-
159000451,No,Yes,No,No,75,Winter,Equal,Different,No,-
159000252,No,No,No,No,21,Autumn,Different,Equal,Yes,-
159000308,No,No,No,No,68,Spring,Different,Different,No,-
159000021,No,No,No,Yes,68,Spring,Different,Different,No,-
159000134,No,No,No,Yes,29,Spring,Equal,Equal,No,-
159000168,No,No,No,No,75,Autumn,Equal,Equal,Yes,-
159000471,No,No,No,Yes,75,Spring,Different,Equal,No,-
159000058,No,No,No,Yes,68,Spring,Different,Equal,No,-
159000749,No,No,No,Yes,75,Spring,Equal,Different,No,-
159000836,Yes,No,No,No,37,Summer,Different,Equal,No,-
159000473,No,Yes,No,No,68,Winter,Different,Different,No,-
159000997,Yes,No,No,No,52,Summer,Different,Equal,No,-
159000776,No,No,No,Yes,13,Spring,Different,Equal,No,-
159000838,No,No,No,Yes,44,Spring,Different,Equal,No,-
159000656,No,Yes,No,No,68,Winter,Equal,Equal,No,-
159000643,No,No,No,No,44,Autumn,Different,Equal,Yes,-
159000091,Yes,No,No,No,29,Summer,Different,Equal,No,-
159000706,No,No,No,No,13,Spring,Different,Different,No,-
159000542,No,Yes,No,No,60,Winter,Different,Equal,No,-
159000499,No,No,No,Yes,21,Spring,Different,Different,No,-
159000726,No,No,No,No,37,Autumn,Different,Equal,Yes,-
159000272,Yes,No,Yes,No,13,Summer,Different,Equal,No,-
159000607,No,No,No,Yes,75,Spring,Different,Equal,No,-
159000201,No,No,No,Yes,60,Spring,Different,Different,No,-
159000295,No,No,No,No,60,Autumn,Different,Equal,No,-
159000334,Yes,No,No,No,52,Summer,Equal,Equal,No,-
159000039,No,No,No,Yes,52,Spring,Different,Different,No,-
159000767,Yes,No,No,No,37,Summer,Different,Different,No,-
159001021,No,No,No,No,60,Autumn,Different,Different,Yes,-
159000405,No,No,No,No,37,Autumn,Different,Different,Yes,-
159000335,No,No,No,Yes,75,Spring,Different,Different,No,-
159000404,No,Yes,No,No,75,Winter,Different,Equal,No,-
159000990,No,No,No,Yes,44,Spring,Equal,Equal,No,-
159000991,No,Yes,No,No,44,Winter,Equal,Different,No,-
159000448,No,No,No,No,37,Spring,Different,Equal,No,-
159000526,Yes,No,No,No,37,Summer,Different,Equal,No,-
159001020,No,Yes,No,No,5,Winter,Equal,Equal,No,-
159000581,Yes,No,No,No,52,Summer,Different,Different,No,-
159000306,No,No,No,Yes,75,Spring,Different,Different,No,-
159000689,No,Yes,No,No,68,Winter,Different,Different,No,-
159000032,No,No,No,No,68,Autumn,Equal,Different,Yes,-
159000198,No,No,No,No,44,Autumn,Different,Different,Yes,-
159000377,No,No,No,No,13,Autumn,Different,Different,Yes,-
159000618,No,No,No,Yes,52,Spring,Different,Different,No,-
159000539,No,No,No,No,5,Autumn,Different,Equal,No,-
159000212,Yes,No,No,No,60,Summer,Different,Different,No,-
159000875,No,No,No,No,68,Autumn,Equal,Equal,Yes,-
159000769,No,Yes,No,No,75,Winter,Different,Equal,No,-
159000768,No,Yes,No,No,5,Winter,Equal,Equal,No,-
159000413,No,Yes,No,No,37,Winter,Different,Different,No,-
159000871,Yes,No,No,No,13,Summer,Different,Equal,No,-
159000692,Yes,No,No,No,13,Summer,Different,Equal,No,-
159000538,No,No,No,Yes,52,Spring,Equal,Equal,No,-
159000085,No,No,No,No,68,Autumn,Different,Equal,No,-
159001011,No,No,No,No,44,Autumn,Different,Equal,No,-
159000693,No,Yes,No,No,68,Winter,Different,Different,No,-
159000854,No,No,No,Yes,60,Spring,Different,Equal,No,-
159000402,No,No,No,Yes,44,Spring,Different,Different,No,-
159000002,Yes,No,No,No,52,Summer,Equal,Equal,No,-
159000030,Yes,No,No,No,44,Summer,Different,Equal,No,-
159000219,No,Yes,No,No,75,Winter,Equal,Different,No,-
159000328,No,No,No,Yes,13,Spring,Different,Equal,No,-
159000232,No,No,No,Yes,75,Spring,Different,Different,No,-
159000227,No,No,No,No,68,Autumn,Equal,Equal,Yes,-
159000906,No,No,No,No,44,Autumn,Equal,Equal,Yes,-
159000113,No,No,No,Yes,37,Spring,Different,Equal,No,-
159000862,No,Yes,No,No,5,Winter,Different,Equal,No,-
159000623,No,No,No,No,5,Winter,Different,Equal,No,-
159000403,No,No,No,Yes,52,Spring,Different,Equal,No,-
159000375,Yes,No,No,No,68,Summer,Different,Different,No,-
159000269,No,Yes,No,No,5,Winter,Different,Equal,No,-
159000105,No,Yes,No,No,60,Winter,Equal,Different,No,-
159000290,No,No,No,No,13,Autumn,Different,Different,No,-
159000361,No,No,No,Yes,75,Spring,Equal,Equal,No,-
159000665,No,No,No,Yes,5,Spring,Different,Different,No,-
159000823,No,Yes,No,No,44,Winter,Different,Equal,No,-
159000059,No,No,No,No,44,Autumn,Different,Equal,Yes,-
159000663,No,Yes,No,No,52,Winter,Different,Different,No,-
159000908,No,No,No,Yes,44,Spring,Different,Different,No,-
159000556,No,Yes,No,No,52,Winter,Different,Different,No,-
159000345,Yes,No,No,No,37,Summer,Different,Different,No,-
159000793,No,No,No,No,60,Spring,Different,Equal,No,-
159000310,No,No,No,No,44,Autumn,Different,Different,No,-
159000193,No,Yes,No,No,44,Winter,Different,Equal,No,-
159000192,No,Yes,No,No,60,Winter,Different,Different,No,-
159000181,Yes,No,No,No,44,Summer,Different,Different,No,-
159000422,No,No,No,Yes,52,Spring,Different,Equal,No,-
159000307,Yes,No,No,No,37,Summer,Different,Equal,No,-
159000939,No,No,No,No,52,Winter,Equal,Equal,No,-
159000925,No,No,No,Yes,29,Spring,Different,Different,No,-
159000104,No,Yes,No,No,37,Winter,Different,Equal,No,-
159000265,Yes,No,No,No,5,Summer,Different,Equal,No,-
159000023,No,No,No,Yes,21,Spring,Different,Different,No,-
159000412,No,No,No,No,5,Summer,Different,Different,No,-
159000551,No,No,No,No,5,Autumn,Different,Different,Yes,-
159000678,No,No,No,Yes,5,Spring,Equal,Equal,No,-
159000107,No,No,No,No,13,Autumn,Different,Different,Yes,-
159000674,No,Yes,No,No,68,Winter,Equal,Different,No,-
159000447,No,No,No,No,52,Autumn,Different,Equal,Yes,-
159000017,No,No,No,No,5,Autumn,Different,Equal,Yes,-
159000744,No,No,No,No,68,Autumn,Different,Equal,No,-
159000920,No,Yes,No,No,21,Winter,Different,Different,No,-
159000525,No,No,No,Yes,68,Spring,Equal,Equal,No,-
159000199,No,No,No,No,21,Autumn,Equal,Equal,Yes,-
159000161,No,No,No,Yes,21,Spring,Equal,Different,No,-
159000045,No,Yes,No,No,29,Winter,Different,Different,No,-
159000559,Yes,No,No,No,52,Summer,Different,Different,No,-
159000896,No,No,No,No,68,Autumn,Equal,Equal,Yes,-
159000142,No,No,No,No,52,Winter,Different,Equal,No,-
159000012,Yes,No,No,No,29,Summer,Equal,Equal,No,-
159000277,No,No,No,Yes,68,Spring,Different,Equal,No,-
159000157,No,No,No,No,60,Autumn,Equal,Different,Yes,-
159000555,No,Yes,No,No,68,Winter,Different,Equal,No,-
159000817,No,No,No,No,44,Autumn,Different,Equal,Yes,-
159000016,No,Yes,No,No,37,Winter,Different,Different,No,-
159000775,Yes,No,No,No,29,Summer,Different,Equal,No,-
159000284,No,Yes,No,No,13,Winter,Different,Different,No,-
159000273,No,No,No,Yes,21,Spring,Equal,Different,No,-
159000001,No,No,No,Yes,13,Spring,Different,Different,No,-
159000069,No,Yes,No,No,44,Winter,Different,Equal,No,-
159000068,No,No,No,Yes,60,Spring,Different,Different,No,-
159000188,No,No,No,Yes,29,Spring,Different,Equal,No,-
159000707,Yes,No,No,No,21,Summer,Equal,Different,No,-
159000883,No,Yes,No,No,29,Winter,Equal,Equal,No,-
159000050,No,No,No,Yes,13,Spring,Equal,Equal,No,-
159000108,No,No,No,Yes,37,Spring,Different,Different,No,-
159000501,No,No,No,Yes,68,Spring,Different,Equal,No,-
159000661,No,No,No,No,21,Autumn,Different,Different,Yes,-
159000366,Yes,No,No,No,29,Summer,Equal,Different,No,-
159000870,No,No,No,No,75,Autumn,Equal,Different,Yes,-
159000459,Yes,No,No,No,60,Summer,Different,Equal,No,-
159000981,Yes,No,No,No,29,Summer,Different,Different,No,-
159000145,No,Yes,No,No,5,Winter,Equal,Equal,No,-
159000285,No,No,No,No,29,Autumn,Different,Different,Yes,-
159000367,No,No,No,Yes,5,Spring,Different,Different,No,-
159000500,No,No,No,No,60,Spring,Different,Different,No,-
159000789,No,No,No,Yes,29,Spring,Different,Different,No,-
159000675,No,Yes,No,No,29,Winter,Different,Equal,No,-
159000960,No,No,No,Yes,37,Spring,Different,Equal,No,-
159000126,No,No,No,No,68,Winter,Equal,Different,No,-
159000659,No,No,No,Yes,37,Spring,Different,Equal,No,-
159000571,Yes,No,No,No,5,Summer,Different,Different,No,-
159000182,No,No,No,Yes,52,Spring,Different,Equal,No,-
159000463,No,No,No,No,37,Autumn,Different,Equal,Yes,-
159000582,No,No,No,No,13,Autumn,Different,Equal,No,-
159000885,No,No,No,No,75,Autumn,Different,Different,Yes,-
159000583,No,No,No,Yes,13,Spring,Different,Different,No,-
159000432,No,No,No,Yes,21,Spring,Equal,Equal,No,-
159000260,No,No,No,No,29,Summer,Equal,Different,No,-
159000928,No,No,No,No,37,Autumn,Different,Different,Yes,-
159000399,Yes,No,No,No,68,Summer,Different,Equal,No,-
159000071,No,No,No,Yes,5,Spring,Different,Different,No,-
159000857,No,No,No,No,44,Spring,Different,Different,No,-
159000959,No,No,No,Yes,5,Spring,Different,Different,No,-
159000275,No,No,No,Yes,60,Spring,Different,Equal,No,-
159000286,Yes,No,No,No,52,Summer,Equal,Different,No,-
159000053,No,No,No,No,21,Autumn,Equal,Equal,Yes,-
159000891,No,No,No,No,68,Spring,Equal,Different,No,-
159000379,No,No,No,No,21,Autumn,Equal,Equal,No,-
159000040,No,No,No,No,13,Autumn,Different,Different,Yes,-
159000387,No,No,No,Yes,21,Spring,Different,Different,No,-
159000721,No,Yes,No,No,5,Winter,Different,Different,No,-
159000197,No,No,No,No,37,Autumn,Different,Different,No,-
159000491,No,No,No,Yes,5,Spring,Different,Equal,No,-
159000106,No,No,No,Yes,75,Spring,Different,Different,No,-
159000446,No,No,No,Yes,5,Spring,Different,Different,No,-
159000289,No,No,No,No,5,Autumn,Equal,Different,Yes,-
159000435,No,No,No,No,21,Autumn,Different,Equal,Yes,-
159000605,No,No,No,Yes,75,Spring,Different,Equal,No,-
159000456,No,No,No,Yes,52,Spring,Equal,Equal,No,-
159000634,No,No,No,No,52,Spring,Different,Different,No,-
159000719,No,No,No,No,75,Autumn,Equal,Equal,Yes,-
159000794,No,Yes,No,No,68,Winter,Equal,Equal,No,-
159000561,No,No,No,No,21,Autumn,Different,Equal,No,-
159000280,No,Yes,No,No,5,Winter,Different,Different,No,-
159000343,No,No,No,Yes,44,Spring,Equal,Different,No,-
159000293,No,No,No,No,68,Autumn,Equal,Different,Yes,-
159000025,No,Yes,No,No,52,Winter,Different,Equal,No,-
159000077,No,No,No,No,5,Autumn,Equal,Equal,No,-
159000263,No,Yes,No,No,44,Winter,Different,Equal,No,-
159000121,No,No,No,Yes,21,Spring,Different,Different,No,-
159000587,No,Yes,No,No,5,Winter,Equal,Different,No,-
159000673,No,No,No,Yes,75,Spring,Different,Equal,No,-
159000890,No,No,No,Yes,37,Spring,Different,Different,No,-
159000291,No,No,No,No,75,Autumn,Different,Different,Yes,-
159000543,No,No,No,Yes,52,Spring,Equal,Different,No,-
159000713,No,No,No,Yes,75,Spring,Different,Different,No,-
159000761,No,Yes,No,No,75,Winter,Different,Different,No,-
159000791,No,No,No,Yes,5,Spring,Equal,Equal,No,-
159000640,No,Yes,No,No,44,Winter,Equal,Equal,No,-
159000658,Yes,No,Yes,No,75,Summer,Different,Different,No,-
159000844,No,No,No,Yes,60,Spring,Different,Different,No,-
159000987,Yes,No,Yes,No,75,Summer,Different,Equal,No,-
159000036,No,Yes,No,No,21,Winter,Equal,Different,No,-
159001007,No,No,No,No,29,Winter,Different,Different,No,-
159000120,No,Yes,No,No,75,Winter,Different,Different,No,-
159000344,No,Yes,No,No,68,Winter,Different,Different,No,-
159000505,Yes,No,No,No,60,Summer,Different,Equal,No,-
159000732,Yes,No,No,No,13,Summer,Different,Different,No,-
159000733,No,No,No,No,75,Autumn,Different,Different,No,-
159000125,No,No,No,No,21,Spring,Different,Different,No,-
159000231,No,No,No,No,75,Spring,Different,Equal,No,-
159000029,No,No,No,Yes,29,Spring,Different,Different,No,-
159000037,Yes,No,No,No,52,Summer,Different,Different,No,-
159000411,No,No,No,No,29,Autumn,Different,Equal,Yes,-